ATL,LAX,76.0
ATL,SFO,247.0
ATL,BOS,74.0
ATL,LAS,88.0
ATL,JFK,127.0
ATL,DEN,77.0
ATL,MIA,49.0
ATL,ORD,31.0
ATL,MCO,33.0
ATL,EWR,47.0
ATL,PHL,35.0
ATL,MSP,71.0
ATL,FLL,53.0
ATL,SAN,419.0
ATL,PDX,277.0
ATL,PHX,267.0
ATL,HNL,979.0
ATL,IAD,227.0
ATL,IAH,76.0
ATL,TPA,47.0
ATL,DTW,71.0
ATL,CLT,197.0
ATL,SLC,237.0
ATL,DCA,227.0
ATL,AUS,84.0
ATL,BWI,71.0
ATL,RDU,167.0
ATL,MSY,71.0
ATL,LGA,77.0
ATL,SJC,399.0
ATL,SMF,299.0
ATL,OAK,413.0
ATL,CLE,71.0
ATL,SNA,277.0
ATL,BNA,167.0
ATL,PIT,197.0
ATL,STL,167.0
ATL,IND,167.0
ATL,MCI,227.0
ATL,BDL,197.0
ATL,CMH,167.0
ATL,JAX,157.0
ATL,MKE,227.0
ATL,RSW,157.0
ATL,CVG,199.0
ATL,SAT,267.0
ATL,PBI,199.0
ATL,BUF,197.0
ATL,CHS,179.0
ATL,RIC,167.0
ATL,ONT,259.0
ATL,PVD,239.0
ATL,RNO,199.0
ATL,MDW,117.0
ATL,MEM,177.0
ATL,ORF,199.0
ATL,GEG,277.0
ATL,BOI,257.0
ATL,OMA,309.0
ATL,PWM,327.0
ATL,BUR,358.0
ATL,GRR,177.0
ATL,ROC,217.0
ATL,SYR,222.0
ATL,ABQ,348.0
ATL,SAV,159.0
ATL,SDF,167.0
ATL,BZN,569.0
ATL,DSM,239.0
ATL,OKC,267.0
ATL,DAY,239.0
ATL,ALB,217.0
ATL,MYR,219.0
ATL,TUS,199.0
ATL,PNS,179.0
ATL,MSN,259.0
ATL,BTV,537.0
ATL,BHM,237.0
ATL,TYS,179.0
ATL,GSO,167.0
ATL,GSP,192.0
ATL,TUL,318.0
ATL,LIT,167.0
ATL,EYW,239.0
ATL,HPN,485.0
ATL,JAC,251.0
ATL,DAL,110.0
ATL,PSP,393.0
ATL,COS,252.0
ATL,ELP,219.0
ATL,MDT,327.0
ATL,CAE,179.0
ATL,ICT,377.0
ATL,LEX,339.0
ATL,SRQ,219.0
ATL,ILM,199.0
ATL,XNA,516.0
ATL,CID,452.0
ATL,AVL,199.0
ATL,ECP,239.0
ATL,TLH,199.0
ATL,HSV,269.0
ATL,CHA,139.0
ATL,ABE,227.0
ATL,JAN,439.0
ATL,SGF,239.0
ATL,MOB,199.0
ATL,CHO,199.0
ATL,VPS,199.0
ATL,TTN,107.0
ATL,DAB,179.0
ATL,GRB,439.0
ATL,BTR,249.0
ATL,MLI,239.0
ATL,ROA,179.0
ATL,FWA,239.0
ATL,AGS,199.0
ATL,GPT,349.0
ATL,GNV,159.0
ATL,SHV,299.0
ATL,CRW,159.0
ATL,ATW,389.0
ATL,SBN,338.0
ATL,FAY,244.0
ATL,MLB,299.0
ATL,BMI,299.0
ATL,OAJ,389.0
ATL,LFT,239.0
ATL,TRI,199.0
ATL,EVV,199.0
ATL,MGM,179.0
ATL,HHH,179.0
ATL,RST,348.0
ATL,EGE,447.0
ATL,VLD,194.0
ATL,CSG,139.0
ATL,MLU,219.0
ATL,AEX,224.0
ATL,DHN,139.0
ATL,GTR,249.0
ATL,MSL,118.0
ATL,BQK,198.0
ATL,LUK,7080.0
LAX,SFO,76.0
LAX,BOS,177.0
LAX,LAS,27.0
LAX,JFK,181.0
LAX,DEN,47.0
LAX,MIA,191.0
LAX,ORD,69.0
LAX,ATL,77.0
LAX,MCO,106.0
LAX,EWR,162.0
LAX,PHL,77.0
LAX,MSP,59.0
LAX,FLL,71.0
LAX,SAN,139.0
LAX,PDX,137.0
LAX,PHX,49.0
LAX,HNL,268.0
LAX,IAH,99.0
LAX,IAD,162.0
LAX,TPA,232.0
LAX,DTW,100.0
LAX,CLT,339.0
LAX,SLC,117.0
LAX,DCA,172.0
LAX,AUS,71.0
LAX,BWI,99.0
LAX,RDU,299.0
LAX,MSY,109.0
LAX,SJC,97.0
LAX,OAK,48.0
LAX,SMF,155.0
LAX,CLE,130.0
LAX,BNA,95.0
LAX,STL,321.0
LAX,PIT,139.0
LAX,MCI,106.0
LAX,IND,307.0
LAX,OGG,297.0
LAX,BDL,257.0
LAX,CMH,367.0
LAX,RSW,297.0
LAX,CVG,166.0
LAX,SAT,287.0
LAX,ANC,280.0
LAX,PBI,247.0
LAX,BUF,308.0
LAX,CHS,289.0
LAX,RIC,287.0
LAX,RNO,97.0
LAX,ONT,1099.0
LAX,MEM,107.0
LAX,OMA,209.0
LAX,GEG,157.0
LAX,BOI,78.0
LAX,FAT,97.0
LAX,ABQ,225.0
LAX,OKC,261.0
LAX,BZN,137.0
LAX,LIH,297.0
LAX,TUS,167.0
LAX,EUG,95.0
LAX,KOA,297.0
LAX,MSN,399.0
LAX,MSO,217.0
LAX,TUL,166.0
LAX,MFR,91.0
LAX,FCA,290.0
LAX,RDM,137.0
LAX,COS,289.0
LAX,ELP,221.0
LAX,BLI,140.0
LAX,DAL,97.0
LAX,JAC,221.0
LAX,PSP,106.0
LAX,XNA,301.0
LAX,SGF,516.0
LAX,SBA,337.0
LAX,ASE,221.0
LAX,MRY,303.0
LAX,ITO,327.0
LAX,SBP,289.0
LAX,EGE,219.0
LAX,STS,177.0
LAX,SUN,423.0
LAX,MTJ,379.0
LAX,MMH,272.0
LAX,RDD,247.0
LAX,PVU,77.0
LAX,BFL,2721.0
LAX,ACV,269.0
LAX,HDN,307.0
LAX,FLG,5966.0
LAX,MCE,127.0
LAX,PRC,198.0
LAX,AZA,7742.0
LAX,IPL,122.0
LAX,PAE,183.0
LAX,BLD,2981.0
LAX,VGT,2948.0
LAX,RHV,3084.0
LAX,VIS,2120.0
LAX,HSH,2567.0
LAX,GCN,2512.0
LAX,SGU,5554.0
ORD,LAX,69.0
ORD,SFO,157.0
ORD,BOS,83.0
ORD,LAS,52.0
ORD,JFK,147.0
ORD,DEN,30.0
ORD,MIA,47.0
ORD,ATL,31.0
ORD,MCO,41.0
ORD,EWR,142.0
ORD,PHL,137.0
ORD,MSP,97.0
ORD,FLL,31.0
ORD,SAN,71.0
ORD,PDX,197.0
ORD,PHX,47.0
ORD,HNL,571.0
ORD,IAD,187.0
ORD,IAH,47.0
ORD,TPA,47.0
ORD,DTW,167.0
ORD,CLT,165.0
ORD,SLC,307.0
ORD,DCA,169.0
ORD,AUS,25.0
ORD,BWI,76.0
ORD,RDU,177.0
ORD,MSY,47.0
ORD,LGA,103.0
ORD,SJC,327.0
ORD,SMF,207.0
ORD,OAK,105.0
ORD,CLE,167.0
ORD,SNA,389.0
ORD,BNA,167.0
ORD,PIT,167.0
ORD,STL,151.0
ORD,IND,229.0
ORD,MCI,167.0
ORD,OGG,709.0
ORD,BDL,267.0
ORD,CMH,167.0
ORD,JAX,267.0
ORD,MKE,215.0
ORD,RSW,47.0
ORD,CVG,137.0
ORD,SAT,353.0
ORD,ANC,280.0
ORD,PBI,217.0
ORD,BUF,167.0
ORD,CHS,227.0
ORD,RIC,317.0
ORD,PVD,222.0
ORD,RNO,479.0
ORD,MEM,167.0
ORD,ORF,227.0
ORD,OMA,167.0
ORD,BOI,287.0
ORD,GEG,369.0
ORD,FAT,359.0
ORD,PWM,313.0
ORD,SYR,479.0
ORD,GRR,167.0
ORD,ROC,317.0
ORD,ABQ,287.0
ORD,SDF,167.0
ORD,SAV,379.0
ORD,OKC,227.0
ORD,DSM,237.0
ORD,BZN,239.0
ORD,DAY,269.0
ORD,ALB,222.0
ORD,MYR,74.0
ORD,TUS,307.0
ORD,KOA,914.0
ORD,BTV,359.0
ORD,PNS,137.0
ORD,MSN,279.0
ORD,EUG,399.0
ORD,BHM,227.0
ORD,GSP,209.0
ORD,MSO,749.0
ORD,TYS,97.0
ORD,GSO,369.0
ORD,TUL,279.0
ORD,FCA,419.0
ORD,MHT,197.0
ORD,LIT,279.0
ORD,PSC,421.0
ORD,EYW,369.0
ORD,CAE,227.0
ORD,HPN,217.0
ORD,PSP,289.0
ORD,JAC,239.0
ORD,COS,247.0
ORD,ELP,339.0
ORD,LEX,299.0
ORD,MDT,289.0
ORD,CAK,332.0
ORD,ICT,317.0
ORD,SRQ,79.0
ORD,ILM,319.0
ORD,XNA,339.0
ORD,CID,299.0
ORD,AVL,279.0
ORD,FSD,369.0
ORD,FAR,369.0
ORD,FNT,189.0
ORD,CHO,269.0
ORD,CHA,389.0
ORD,HSV,309.0
ORD,ABE,217.0
ORD,TVC,269.0
ORD,SGF,279.0
ORD,SBA,334.0
ORD,JAN,377.0
ORD,GRB,279.0
ORD,TTN,137.0
ORD,BGR,232.0
ORD,MLI,299.0
ORD,AVP,369.0
ORD,PIA,477.0
ORD,SBN,327.0
ORD,ROA,339.0
ORD,FWA,269.0
ORD,RAP,357.0
ORD,ASE,281.0
ORD,BMI,241.0
ORD,CRW,349.0
ORD,LAN,279.0
ORD,ATW,429.0
ORD,LNK,319.0
ORD,BIS,359.0
ORD,DLH,269.0
ORD,ERI,329.0
ORD,CWA,219.0
ORD,EVV,197.0
ORD,TOL,241.0
ORD,MBS,269.0
ORD,AZO,249.0
ORD,SCE,369.0
ORD,MTJ,239.0
ORD,EGE,285.0
ORD,COU,217.0
ORD,LSE,221.0
ORD,RST,179.0
ORD,MQT,221.0
ORD,CMX,238.0
ORD,CMI,241.0
ORD,MKG,158.0
ORD,SPI,370.0
ORD,HDN,228.0
ORD,SUN,517.0
ORD,SUX,281.0
ORD,SHD,230.0
ORD,LWB,242.0
ORD,DEC,98.0
ORD,MBL,95.0
ORD,CGI,176.0
ORD,JST,284.0
ORD,PAH,218.0
ORD,CKB,224.0
ORD,EAU,204.0
ORD,MCW,108.0
ORD,EAR,247.0
ORD,UIN,145.0
ORD,SLN,168.0
ORD,BRL,69.0
ORD,IWD,86.0
ORD,CPS,5964.0
ORD,SUS,6005.0
DFW,LAX,71.0
DFW,BOS,103.0
DFW,LAS,33.0
DFW,JFK,75.0
DFW,DEN,55.0
DFW,MIA,67.0
DFW,ORD,31.0
DFW,ATL,47.0
DFW,MCO,49.0
DFW,EWR,97.0
DFW,PHL,103.0
DFW,MSP,135.0
DFW,FLL,47.0
DFW,SAN,257.0
DFW,PDX,217.0
DFW,PHX,47.0
DFW,HNL,689.0
DFW,IAD,252.0
DFW,IAH,167.0
DFW,DTW,61.0
DFW,TPA,71.0
DFW,CLT,265.0
DFW,SLC,237.0
DFW,DCA,287.0
DFW,AUS,167.0
DFW,BWI,73.0
DFW,RDU,313.0
DFW,MSY,160.0
DFW,LGA,71.0
DFW,SJC,307.0
DFW,SMF,307.0
DFW,CLE,179.0
DFW,SNA,287.0
DFW,BNA,227.0
DFW,STL,227.0
DFW,PIT,367.0
DFW,IND,267.0
DFW,MCI,167.0
DFW,OGG,689.0
DFW,BDL,309.0
DFW,JAX,197.0
DFW,RSW,267.0
DFW,CMH,267.0
DFW,MKE,267.0
DFW,CVG,129.0
DFW,SAT,167.0
DFW,ANC,325.0
DFW,PBI,301.0
DFW,BUF,379.0
DFW,CHS,227.0
DFW,RIC,321.0
DFW,ONT,109.0
DFW,RNO,307.0
DFW,GEG,321.0
DFW,ORF,321.0
DFW,BOI,249.0
DFW,MEM,167.0
DFW,OMA,227.0
DFW,FAT,321.0
DFW,BUR,287.0
DFW,ABQ,227.0
DFW,GRR,321.0
DFW,OKC,321.0
DFW,BZN,297.0
DFW,SDF,227.0
DFW,SAV,321.0
DFW,DSM,281.0
DFW,MYR,102.0
DFW,DAY,281.0
DFW,TUS,281.0
DFW,MSN,281.0
DFW,PNS,227.0
DFW,KOA,689.0
DFW,MSO,183.0
DFW,BIL,321.0
DFW,TYS,281.0
DFW,GSP,281.0
DFW,BHM,227.0
DFW,GSO,301.0
DFW,TUL,167.0
DFW,FCA,419.0
DFW,LIT,277.0
DFW,EYW,321.0
DFW,COS,197.0
DFW,ELP,227.0
DFW,CAE,321.0
DFW,JAC,372.0
DFW,PSP,321.0
DFW,ICT,221.0
DFW,SRQ,321.0
DFW,LEX,281.0
DFW,MDT,321.0
DFW,CID,281.0
DFW,XNA,221.0
DFW,AVL,281.0
DFW,ILM,321.0
DFW,FSD,281.0
DFW,FAR,281.0
DFW,TVC,369.0
DFW,SGF,253.0
DFW,ECP,227.0
DFW,VPS,261.0
DFW,CHA,281.0
DFW,HSV,281.0
DFW,DAB,267.0
DFW,TLH,281.0
DFW,SBA,321.0
DFW,BTR,221.0
DFW,JAN,221.0
DFW,GNV,281.0
DFW,FWA,281.0
DFW,MOB,281.0
DFW,MLI,281.0
DFW,RAP,281.0
DFW,AGS,281.0
DFW,SBN,281.0
DFW,PIA,381.0
DFW,GPT,281.0
DFW,DRO,396.0
DFW,ASE,409.0
DFW,CRP,277.0
DFW,SHV,261.0
DFW,MRY,321.0
DFW,MFE,281.0
DFW,GJT,259.0
DFW,BIS,281.0
DFW,TRI,281.0
DFW,MGM,301.0
DFW,BMI,281.0
DFW,EVV,481.0
DFW,EGE,509.0
DFW,LFT,281.0
DFW,SBP,321.0
DFW,SAF,276.0
DFW,LBB,167.0
DFW,MAF,222.0
DFW,GRK,241.0
DFW,CMI,281.0
DFW,BRO,221.0
DFW,FLG,261.0
DFW,MTJ,241.0
DFW,CLL,241.0
DFW,MHK,281.0
DFW,AMA,277.0
DFW,BFL,301.0
DFW,AEX,241.0
DFW,STS,361.0
DFW,COU,221.0
DFW,MLU,241.0
DFW,FSM,481.0
DFW,HRL,149.0
DFW,HDN,147.0
DFW,YUM,321.0
DFW,LRD,221.0
DFW,SJT,221.0
DFW,BPT,261.0
DFW,HOT,78.0
DFW,GRI,281.0
DFW,ELD,64.0
DFW,HRO,44.0
DFW,ACT,241.0
DFW,SWO,259.0
DFW,CNM,218.0
DFW,TXK,241.0
DFW,GCK,221.0
DFW,DRT,221.0
DFW,TYR,241.0
DFW,GUC,357.0
DFW,SUX,281.0
DFW,LAW,291.0
DFW,ROW,221.0
DFW,SPS,241.0
DFW,ABI,241.0
DFW,GGG,321.0
DFW,JLN,221.0
DFW,GLH,168.0
DFW,LCH,221.0
DFW,LBL,5657.0
DEN,LAX,47.0
DEN,SFO,72.0
DEN,BOS,217.0
DEN,LAS,31.0
DEN,JFK,177.0
DEN,MIA,63.0
DEN,ORD,30.0
DEN,ATL,77.0
DEN,MCO,57.0
DEN,EWR,76.0
DEN,PHL,56.0
DEN,MSP,44.0
DEN,FLL,59.0
DEN,SAN,77.0
DEN,PDX,97.0
DEN,PHX,47.0
DEN,HNL,359.0
DEN,IAH,47.0
DEN,IAD,147.0
DEN,TPA,126.0
DEN,DTW,31.0
DEN,CLT,65.0
DEN,SLC,72.0
DEN,AUS,56.0
DEN,DCA,103.0
DEN,BWI,57.0
DEN,RDU,114.0
DEN,MSY,77.0
DEN,SJC,267.0
DEN,LGA,177.0
DEN,SMF,83.0
DEN,CLE,107.0
DEN,SNA,97.0
DEN,BNA,55.0
DEN,STL,76.0
DEN,PIT,212.0
DEN,MCI,66.0
DEN,IND,92.0
DEN,OGG,547.0
DEN,BDL,237.0
DEN,MKE,46.0
DEN,CMH,77.0
DEN,JAX,621.0
DEN,CVG,41.0
DEN,RSW,73.0
DEN,SAT,77.0
DEN,ANC,609.0
DEN,PBI,2149.0
DEN,BUF,183.0
DEN,CHS,197.0
DEN,RIC,349.0
DEN,ONT,57.0
DEN,RNO,216.0
DEN,MEM,77.0
DEN,BOI,227.0
DEN,OMA,35.0
DEN,ORF,187.0
DEN,GEG,192.0
DEN,BUR,267.0
DEN,FAT,287.0
DEN,ABQ,157.0
DEN,GRR,117.0
DEN,SYR,237.0
DEN,OKC,113.0
DEN,DSM,82.0
DEN,SDF,97.0
DEN,SAV,419.0
DEN,BZN,97.0
DEN,LIH,359.0
DEN,DAY,361.0
DEN,TUS,95.0
DEN,ALB,35.0
DEN,MYR,337.0
DEN,EUG,349.0
DEN,KOA,359.0
DEN,MSN,126.0
DEN,PNS,130.0
DEN,BTV,35.0
DEN,MFR,389.0
DEN,BHM,287.0
DEN,BIL,117.0
DEN,MSO,137.0
DEN,TUL,85.0
DEN,TYS,131.0
DEN,FCA,379.0
DEN,RDM,339.0
DEN,LIT,115.0
DEN,PSC,359.0
DEN,PSP,137.0
DEN,JAC,137.0
DEN,ELP,87.0
DEN,COS,187.0
DEN,ICT,237.0
DEN,HLN,359.0
DEN,CID,137.0
DEN,XNA,97.0
DEN,FSD,97.0
DEN,FAR,337.0
DEN,SBA,329.0
DEN,SGF,449.0
DEN,HSV,379.0
DEN,MLI,479.0
DEN,GRB,152.0
DEN,ASE,269.0
DEN,GJT,389.0
DEN,MRY,359.0
DEN,RAP,339.0
DEN,SHV,329.0
DEN,IDA,359.0
DEN,SBP,329.0
DEN,DRO,369.0
DEN,LBB,209.0
DEN,LNK,382.0
DEN,ATW,419.0
DEN,BMI,267.0
DEN,BIS,47.0
DEN,BFL,339.0
DEN,MTJ,181.0
DEN,FLG,359.0
DEN,RST,299.0
DEN,AMA,209.0
DEN,SAF,294.0
DEN,COU,677.0
DEN,STS,269.0
DEN,EGE,319.0
DEN,MAF,419.0
DEN,MOT,429.0
DEN,GTF,389.0
DEN,GUC,269.0
DEN,ACV,359.0
DEN,MMH,332.0
DEN,SUX,117.0
DEN,CPR,289.0
DEN,SUN,409.0
DEN,BKG,112.0
DEN,COD,314.0
DEN,SGU,292.0
DEN,HDN,181.0
DEN,HRL,130.0
DEN,DIK,359.0
DEN,CNY,186.0
DEN,TEX,327.0
DEN,CEZ,147.0
DEN,ALS,101.0
DEN,HYS,172.0
DEN,PIR,220.0
DEN,LBF,166.0
DEN,AIA,102.0
DEN,RKS,205.0
DEN,CYS,163.0
DEN,GCC,215.0
DEN,VEL,166.0
DEN,PRC,368.0
DEN,LAR,148.0
DEN,CVN,203.0
DEN,DDC,198.0
DEN,ATY,172.0
DEN,SLN,168.0
DEN,BFF,160.0
DEN,LBL,247.0
DEN,PUB,126.0
DEN,PAE,97.0
DEN,JMS,210.0
DEN,XWA,359.0
DEN,GRI,4856.0
JFK,LAX,177.0
JFK,SFO,158.0
JFK,BOS,203.0
JFK,LAS,229.0
JFK,DEN,177.0
JFK,MIA,70.0
JFK,ATL,127.0
JFK,ORD,147.0
JFK,MCO,41.0
JFK,FLL,51.0
JFK,MSP,197.0
JFK,PHL,237.0
JFK,SAN,197.0
JFK,PDX,219.0
JFK,PHX,219.0
JFK,TPA,41.0
JFK,IAD,187.0
JFK,IAH,177.0
JFK,DTW,157.0
JFK,CLT,195.0
JFK,HNL,573.0
JFK,AUS,147.0
JFK,DCA,187.0
JFK,BWI,157.0
JFK,SLC,297.0
JFK,RDU,155.0
JFK,MSY,197.0
JFK,SMF,217.0
JFK,SJC,385.0
JFK,CLE,237.0
JFK,BNA,197.0
JFK,RSW,41.0
JFK,PIT,197.0
JFK,IND,199.0
JFK,JAX,209.0
JFK,CMH,197.0
JFK,CVG,197.0
JFK,PBI,157.0
JFK,CHS,155.0
JFK,BUF,197.0
JFK,RIC,197.0
JFK,SAT,297.0
JFK,ORF,197.0
JFK,PWM,197.0
JFK,SYR,197.0
JFK,SAV,157.0
JFK,ROC,197.0
JFK,RNO,304.0
JFK,ABQ,289.0
JFK,ONT,407.0
JFK,BTV,237.0
JFK,BZN,284.0
JFK,SRQ,217.0
JFK,ACK,147.0
JFK,BUR,427.0
JFK,PSP,327.0
JFK,EGE,235.0
JFK,HYA,236.0
JFK,HDN,247.0
JFK,MVY,438.0
JFK,MTJ,477.0
JFK,PNE,2012.0
JFK,MTN,3057.0
JFK,ABE,3496.0
JFK,BDL,4051.0
JFK,HVN,3583.0
JFK,BBX,3727.0
JFK,ERI,3932.0
JFK,MDT,4336.0
JFK,PVD,4781.0
JFK,ALB,4628.0
JFK,ITH,4731.0
JFK,RUT,5305.0
JFK,MHT,5517.0
JFK,CHO,5945.0
JFK,CKB,6271.0
JFK,LYH,6527.0
JFK,ROA,6936.0
JFK,IAG,6954.0
JFK,AUG,7377.0
JFK,RKD,7742.0
SFO,LAX,74.0
SFO,BOS,251.0
SFO,LAS,35.0
SFO,JFK,153.0
SFO,DEN,76.0
SFO,MIA,257.0
SFO,ORD,157.0
SFO,ATL,259.0
SFO,MCO,189.0
SFO,EWR,175.0
SFO,PHL,417.0
SFO,MSP,148.0
SFO,FLL,251.0
SFO,SAN,117.0
SFO,PDX,117.0
SFO,PHX,85.0
SFO,HNL,269.0
SFO,IAH,327.0
SFO,IAD,440.0
SFO,TPA,397.0
SFO,DTW,299.0
SFO,CLT,339.0
SFO,SLC,177.0
SFO,AUS,177.0
SFO,DCA,457.0
SFO,BWI,369.0
SFO,RDU,369.0
SFO,MSY,327.0
SFO,SMF,219.0
SFO,SNA,137.0
SFO,CLE,369.0
SFO,BNA,327.0
SFO,PIT,369.0
SFO,MCI,307.0
SFO,IND,369.0
SFO,OGG,291.0
SFO,BDL,277.0
SFO,CMH,309.0
SFO,CVG,239.0
SFO,SAT,777.0
SFO,ANC,491.0
SFO,ONT,177.0
SFO,RNO,167.0
SFO,GEG,177.0
SFO,BOI,97.0
SFO,OMA,349.0
SFO,FAT,269.0
SFO,BUR,177.0
SFO,ABQ,267.0
SFO,BZN,339.0
SFO,OKC,349.0
SFO,LIH,297.0
SFO,TUS,243.0
SFO,KOA,297.0
SFO,EUG,359.0
SFO,MSN,917.0
SFO,MSO,217.0
SFO,MFR,289.0
SFO,LGB,3449.0
SFO,RDM,217.0
SFO,PSC,289.0
SFO,DAL,177.0
SFO,PSP,187.0
SFO,JAC,449.0
SFO,XNA,409.0
SFO,SBA,269.0
SFO,ASE,359.0
SFO,MRY,319.0
SFO,SBP,289.0
SFO,EGE,253.0
SFO,SUN,529.0
SFO,ACV,364.0
SFO,BFL,289.0
SFO,MTJ,339.0
SFO,PAE,177.0
SFO,HDN,377.0
SFO,OTH,344.0
SFO,STS,2324.0
SFO,MMH,272.0
SFO,RDD,357.0
SFO,VNY,2038.0
SEA,LAX,116.0
SEA,SFO,136.0
SEA,BOS,213.0
SEA,LAS,57.0
SEA,JFK,229.0
SEA,DEN,75.0
SEA,MIA,227.0
SEA,ORD,124.0
SEA,ATL,277.0
SEA,MCO,255.0
SEA,EWR,215.0
SEA,PHL,223.0
SEA,MSP,176.0
SEA,FLL,219.0
SEA,SAN,134.0
SEA,PDX,117.0
SEA,PHX,74.0
SEA,HNL,434.0
SEA,IAH,257.0
SEA,IAD,237.0
SEA,TPA,277.0
SEA,DTW,257.0
SEA,CLT,399.0
SEA,SLC,209.0
SEA,AUS,197.0
SEA,DCA,287.0
SEA,BWI,268.0
SEA,RDU,197.0
SEA,MSY,246.0
SEA,SJC,117.0
SEA,OAK,177.0
SEA,SMF,157.0
SEA,SNA,147.0
SEA,CLE,237.0
SEA,BNA,191.0
SEA,STL,227.0
SEA,PIT,315.0
SEA,MCI,282.0
SEA,IND,261.0
SEA,OGG,448.0
SEA,CMH,305.0
SEA,RSW,265.0
SEA,MKE,303.0
SEA,CVG,747.0
SEA,SAT,197.0
SEA,ANC,250.0
SEA,CHS,257.0
SEA,ONT,137.0
SEA,RNO,159.0
SEA,BOI,137.0
SEA,OMA,211.0
SEA,GEG,117.0
SEA,FAT,228.0
SEA,BUR,197.0
SEA,ABQ,267.0
SEA,OKC,211.0
SEA,BZN,227.0
SEA,LIH,437.0
SEA,TUS,197.0
SEA,KOA,393.0
SEA,EUG,117.0
SEA,MFR,137.0
SEA,BIL,188.0
SEA,MSO,198.0
SEA,FCA,278.0
SEA,RDM,117.0
SEA,FAI,275.0
SEA,ELP,157.0
SEA,BLI,198.0
SEA,PSC,117.0
SEA,ICT,204.0
SEA,JAC,297.0
SEA,PSP,137.0
SEA,DAL,217.0
SEA,JNU,367.0
SEA,HLN,305.0
SEA,PUW,183.0
SEA,EAT,188.0
SEA,KTN,237.0
SEA,ALW,135.0
SEA,YKM,183.0
SEA,SBA,197.0
SEA,MRY,568.0
SEA,SBP,448.0
SEA,GTF,197.0
SEA,STS,157.0
SEA,SUN,268.0
SEA,SIT,475.0
SEA,HDN,287.0
SEA,OTH,4604.0
SEA,SFF,4785.0
LAS,LAX,27.0
LAS,SFO,34.0
LAS,BOS,109.0
LAS,JFK,229.0
LAS,DEN,33.0
LAS,MIA,176.0
LAS,ORD,65.0
LAS,ATL,88.0
LAS,MCO,116.0
LAS,EWR,55.0
LAS,PHL,80.0
LAS,MSP,47.0
LAS,FLL,100.0
LAS,SAN,48.0
LAS,PDX,51.0
LAS,PHX,47.0
LAS,HNL,353.0
LAS,IAH,61.0
LAS,IAD,327.0
LAS,DTW,87.0
LAS,TPA,115.0
LAS,CLT,305.0
LAS,SLC,67.0
LAS,DCA,327.0
LAS,AUS,47.0
LAS,BWI,140.0
LAS,RDU,217.0
LAS,MSY,124.0
LAS,SJC,55.0
LAS,OAK,49.0
LAS,SMF,51.0
LAS,SNA,55.0
LAS,CLE,55.0
LAS,BNA,112.0
LAS,STL,87.0
LAS,PIT,164.0
LAS,MCI,126.0
LAS,IND,110.0
LAS,OGG,357.0
LAS,BDL,257.0
LAS,CMH,153.0
LAS,MKE,47.0
LAS,CVG,82.0
LAS,SAT,136.0
LAS,RIC,327.0
LAS,RNO,45.0
LAS,ONT,3892.0
LAS,MEM,106.0
LAS,BOI,151.0
LAS,OMA,177.0
LAS,FAT,100.0
LAS,BUR,47.0
LAS,ABQ,61.0
LAS,GRR,149.0
LAS,OKC,100.0
LAS,DSM,134.0
LAS,BZN,136.0
LAS,TUS,408.0
LAS,EUG,122.0
LAS,LGB,3998.0
LAS,MSO,85.0
LAS,TUL,105.0
LAS,BIL,91.0
LAS,ELP,110.0
LAS,COS,106.0
LAS,BLI,138.0
LAS,ICT,152.0
LAS,XNA,122.0
LAS,CID,125.0
LAS,FSD,165.0
LAS,SGF,141.0
LAS,FAR,267.0
LAS,MLI,213.0
LAS,RAP,131.0
LAS,SBA,4747.0
LAS,GJT,100.0
LAS,MRY,105.0
LAS,SHV,171.0
LAS,MFE,589.0
LAS,ISP,217.0
LAS,SBN,189.0
LAS,PIA,153.0
LAS,AZA,96.0
LAS,IDA,113.0
LAS,SCK,115.0
LAS,MOT,118.0
LAS,SBP,5317.0
LAS,SMX,107.0
LAS,GRI,144.0
LAS,FLG,3686.0
LAS,PAE,197.0
LAS,VNY,2576.0
LAS,MMH,4625.0
LAS,RHV,3989.0
LAS,APA,19666.0
MCO,LAX,66.0
MCO,SFO,189.0
MCO,BOS,30.0
MCO,LAS,106.0
MCO,JFK,41.0
MCO,DEN,57.0
MCO,MIA,97.0
MCO,ORD,38.0
MCO,ATL,31.0
MCO,EWR,31.0
MCO,PHL,31.0
MCO,MSP,57.0
MCO,FLL,71.0
MCO,SAN,374.0
MCO,PDX,260.0
MCO,PHX,327.0
MCO,IAD,86.0
MCO,IAH,45.0
MCO,DTW,39.0
MCO,TPA,2596.0
MCO,CLT,38.0
MCO,SLC,307.0
MCO,DCA,97.0
MCO,AUS,67.0
MCO,BWI,31.0
MCO,RDU,37.0
MCO,MSY,49.0
MCO,LGA,26.0
MCO,CLE,24.0
MCO,BNA,45.0
MCO,PIT,74.0
MCO,STL,126.0
MCO,IND,43.0
MCO,MCI,71.0
MCO,BDL,31.0
MCO,MKE,157.0
MCO,CMH,71.0
MCO,CVG,56.0
MCO,RSW,1516.0
MCO,SAT,157.0
MCO,BUF,130.0
MCO,PBI,2686.0
MCO,CHS,84.0
MCO,RIC,71.0
MCO,ONT,217.0
MCO,PVD,81.0
MCO,MEM,77.0
MCO,ORF,69.0
MCO,OMA,117.0
MCO,PWM,267.0
MCO,SYR,57.0
MCO,GRR,107.0
MCO,SDF,157.0
MCO,DSM,111.0
MCO,OKC,177.0
MCO,MYR,163.0
MCO,ALB,173.0
MCO,SAV,3166.0
MCO,MSN,177.0
MCO,BTV,107.0
MCO,PNS,159.0
MCO,CAE,84.0
MCO,EYW,158.0
MCO,HPN,167.0
MCO,COS,237.0
MCO,CAK,105.0
MCO,HSV,144.0
MCO,ACY,74.0
MCO,TTN,47.0
MCO,ECP,3202.0
MCO,ISP,55.0
MCO,TLH,4097.0
MCO,BMI,67.0
MCO,LBE,105.0
MCO,ILG,137.0
MCO,HHH,4129.0
MCO,FXE,2230.0
MCO,DHN,5301.0
MCO,OPF,4067.0
EWR,LAX,166.0
EWR,SFO,162.0
EWR,BOS,31.0
EWR,LAS,54.0
EWR,DEN,66.0
EWR,MIA,38.0
EWR,ORD,137.0
EWR,ATL,47.0
EWR,MCO,31.0
EWR,MSP,187.0
EWR,FLL,31.0
EWR,SAN,217.0
EWR,PDX,207.0
EWR,PHX,207.0
EWR,HNL,573.0
EWR,IAD,157.0
EWR,IAH,71.0
EWR,TPA,31.0
EWR,DTW,147.0
EWR,CLT,49.0
EWR,SLC,292.0
EWR,DCA,157.0
EWR,AUS,50.0
EWR,RDU,153.0
EWR,MSY,101.0
EWR,SJC,351.0
EWR,SMF,217.0
EWR,CLE,25.0
EWR,SNA,449.0
EWR,BNA,39.0
EWR,PIT,197.0
EWR,STL,197.0
EWR,IND,198.0
EWR,MCI,297.0
EWR,OGG,1047.0
EWR,MKE,297.0
EWR,CMH,197.0
EWR,JAX,117.0
EWR,RSW,31.0
EWR,CVG,90.0
EWR,SAT,297.0
EWR,PBI,47.0
EWR,BUF,197.0
EWR,CHS,184.0
EWR,RIC,247.0
EWR,ONT,237.0
EWR,PVD,269.0
EWR,MEM,219.0
EWR,ORF,197.0
EWR,OMA,239.0
EWR,PWM,197.0
EWR,ROC,197.0
EWR,GRR,237.0
EWR,SYR,147.0
EWR,BZN,469.0
EWR,SAV,78.0
EWR,SDF,199.0
EWR,OKC,417.0
EWR,ALB,339.0
EWR,MYR,71.0
EWR,MSN,297.0
EWR,BTV,237.0
EWR,GSP,197.0
EWR,TYS,113.0
EWR,GSO,173.0
EWR,EYW,269.0
EWR,JAC,345.0
EWR,MHT,5874.0
EWR,SRQ,182.0
EWR,XNA,199.0
EWR,AVL,87.0
EWR,VPS,116.0
EWR,BGR,222.0
EWR,HHH,349.0
EWR,MTJ,659.0
EWR,EGE,297.0
EWR,ITH,4524.0
EWR,HDN,309.0
EWR,PQI,269.0
CLT,LAX,339.0
CLT,SFO,305.0
CLT,BOS,250.0
CLT,LAS,193.0
CLT,JFK,195.0
CLT,DEN,65.0
CLT,MIA,69.0
CLT,ORD,185.0
CLT,ATL,197.0
CLT,MCO,43.0
CLT,EWR,47.0
CLT,PHL,55.0
CLT,MSP,237.0
CLT,FLL,46.0
CLT,SAN,396.0
CLT,PDX,399.0
CLT,PHX,339.0
CLT,IAD,257.0
CLT,IAH,265.0
CLT,TPA,167.0
CLT,DTW,178.0
CLT,SLC,337.0
CLT,DCA,155.0
CLT,AUS,319.0
CLT,BWI,32.0
CLT,RDU,219.0
CLT,MSY,99.0
CLT,LGA,195.0
CLT,SMF,399.0
CLT,CLE,219.0
CLT,BNA,135.0
CLT,PIT,219.0
CLT,STL,215.0
CLT,IND,247.0
CLT,MCI,279.0
CLT,BDL,279.0
CLT,CMH,219.0
CLT,JAX,199.0
CLT,MKE,279.0
CLT,RSW,239.0
CLT,CVG,159.0
CLT,SAT,319.0
CLT,PBI,297.0
CLT,BUF,315.0
CLT,CHS,219.0
CLT,RIC,219.0
CLT,PVD,279.0
CLT,ORF,219.0
CLT,OMA,319.0
CLT,MEM,279.0
CLT,PWM,329.0
CLT,GRR,279.0
CLT,ROC,279.0
CLT,SYR,279.0
CLT,SDF,275.0
CLT,OKC,319.0
CLT,DSM,279.0
CLT,BZN,249.0
CLT,DAY,219.0
CLT,SAV,219.0
CLT,ALB,279.0
CLT,MYR,199.0
CLT,MSN,279.0
CLT,PNS,199.0
CLT,BTV,259.0
CLT,BHM,252.0
CLT,GSO,199.0
CLT,GSP,259.0
CLT,TYS,219.0
CLT,TUL,259.0
CLT,MHT,279.0
CLT,LIT,279.0
CLT,HPN,279.0
CLT,EYW,279.0
CLT,JAC,397.0
CLT,MDT,279.0
CLT,CAE,219.0
CLT,CAK,239.0
CLT,SRQ,279.0
CLT,ILM,219.0
CLT,LEX,239.0
CLT,XNA,279.0
CLT,CID,279.0
CLT,AVL,219.0
CLT,FSD,247.0
CLT,FNT,279.0
CLT,ABE,279.0
CLT,ECP,219.0
CLT,TLH,219.0
CLT,SGF,279.0
CLT,JAN,299.0
CLT,BGR,315.0
CLT,DAB,219.0
CLT,VPS,297.0
CLT,HSV,219.0
CLT,CHA,239.0
CLT,MOB,279.0
CLT,CHO,239.0
CLT,PHF,239.0
CLT,BTR,279.0
CLT,ROA,259.0
CLT,GNV,219.0
CLT,AGS,219.0
CLT,AVP,279.0
CLT,GPT,279.0
CLT,FWA,279.0
CLT,RAP,319.0
CLT,ATW,247.0
CLT,MLB,219.0
CLT,PIA,299.0
CLT,ITH,272.0
CLT,SBN,299.0
CLT,CRW,239.0
CLT,FAY,219.0
CLT,OAJ,219.0
CLT,SHV,279.0
CLT,EWN,259.0
CLT,TOL,279.0
CLT,HHH,219.0
CLT,ERI,259.0
CLT,MGM,279.0
CLT,HVN,187.0
CLT,EVV,279.0
CLT,TRI,289.0
CLT,MTJ,367.0
CLT,CMI,279.0
CLT,SBY,279.0
CLT,LYH,379.0
CLT,PGV,279.0
CLT,BKW,78.0
CLT,PKB,78.0
PHX,LAX,59.0
PHX,SFO,79.0
PHX,BOS,217.0
PHX,LAS,37.0
PHX,JFK,219.0
PHX,DEN,47.0
PHX,MIA,245.0
PHX,ORD,47.0
PHX,ATL,267.0
PHX,MCO,327.0
PHX,EWR,207.0
PHX,PHL,217.0
PHX,MSP,47.0
PHX,FLL,245.0
PHX,SAN,49.0
PHX,PDX,208.0
PHX,HNL,323.0
PHX,IAH,287.0
PHX,IAD,267.0
PHX,TPA,297.0
PHX,DTW,217.0
PHX,CLT,265.0
PHX,SLC,51.0
PHX,AUS,267.0
PHX,DCA,321.0
PHX,RDU,327.0
PHX,MSY,237.0
PHX,SJC,49.0
PHX,SMF,157.0
PHX,OAK,1243.0
PHX,CLE,172.0
PHX,SNA,151.0
PHX,BNA,247.0
PHX,STL,307.0
PHX,PIT,327.0
PHX,MCI,287.0
PHX,IND,307.0
PHX,OGG,359.0
PHX,MKE,307.0
PHX,CMH,327.0
PHX,CVG,223.0
PHX,SAT,267.0
PHX,ANC,341.0
PHX,ONT,161.0
PHX,RNO,192.0
PHX,MEM,317.0
PHX,OMA,194.0
PHX,BOI,177.0
PHX,GEG,287.0
PHX,BUR,89.0
PHX,FAT,221.0
PHX,ABQ,167.0
PHX,GRR,281.0
PHX,DSM,251.0
PHX,OKC,267.0
PHX,LIH,359.0
PHX,LGB,167.0
PHX,TUS,201.0
PHX,EUG,189.0
PHX,KOA,297.0
PHX,MSN,269.0
PHX,MFR,279.0
PHX,BIL,129.0
PHX,TUL,267.0
PHX,LIT,282.0
PHX,RDM,162.0
PHX,COS,117.0
PHX,PSP,127.0
PHX,ELP,167.0
PHX,JAC,712.0
PHX,CID,267.0
PHX,FSD,206.0
PHX,FAR,181.0
PHX,SBA,201.0
PHX,MRY,157.0
PHX,GJT,71.0
PHX,ASE,241.0
PHX,SBP,221.0
PHX,DRO,202.0
PHX,LBB,277.0
PHX,BIS,167.0
PHX,MTJ,234.0
PHX,BFL,181.0
PHX,STS,157.0
PHX,SAF,216.0
PHX,MAF,277.0
PHX,FLG,239.0
PHX,EGE,241.0
PHX,SGU,201.0
PHX,YUM,251.0
PHX,SOW,106.0
PHX,CEZ,264.0
PHX,SVC,188.0
PHX,ROW,221.0
PHX,PGA,93.0
PHX,PAE,137.0
PHX,CLD,6824.0
PHX,SDM,6660.0
PHX,MYF,6680.0
PHX,SEE,6620.0
IAH,LAX,99.0
IAH,SFO,327.0
IAH,BOS,187.0
IAH,LAS,51.0
IAH,JFK,177.0
IAH,DEN,47.0
IAH,MIA,121.0
IAH,ORD,47.0
IAH,ATL,77.0
IAH,MCO,71.0
IAH,EWR,73.0
IAH,PHL,285.0
IAH,MSP,199.0
IAH,FLL,61.0
IAH,SAN,109.0
IAH,PDX,369.0
IAH,PHX,237.0
IAH,HNL,699.0
IAH,IAD,287.0
IAH,TPA,73.0
IAH,DTW,111.0
IAH,CLT,265.0
IAH,SLC,287.0
IAH,DCA,287.0
IAH,AUS,167.0
IAH,BWI,73.0
IAH,RDU,377.0
IAH,MSY,50.0
IAH,LGA,177.0
IAH,SJC,327.0
IAH,SMF,327.0
IAH,CLE,287.0
IAH,SNA,307.0
IAH,BNA,227.0
IAH,PIT,287.0
IAH,STL,227.0
IAH,IND,267.0
IAH,MCI,227.0
IAH,BDL,369.0
IAH,CMH,285.0
IAH,JAX,267.0
IAH,MKE,287.0
IAH,RSW,267.0
IAH,CVG,199.0
IAH,SAT,167.0
IAH,PBI,269.0
IAH,CHS,267.0
IAH,RIC,329.0
IAH,ONT,307.0
IAH,RNO,327.0
IAH,MEM,167.0
IAH,ORF,329.0
IAH,OMA,267.0
IAH,BOI,369.0
IAH,GRR,329.0
IAH,ABQ,267.0
IAH,SDF,259.0
IAH,SAV,213.0
IAH,BZN,449.0
IAH,DSM,269.0
IAH,OKC,167.0
IAH,TUS,267.0
IAH,PNS,167.0
IAH,BHM,227.0
IAH,TYS,327.0
IAH,GSP,267.0
IAH,TUL,167.0
IAH,LIT,217.0
IAH,EYW,279.0
IAH,PSP,309.0
IAH,JAC,489.0
IAH,COS,289.0
IAH,ELP,227.0
IAH,CAK,409.0
IAH,CAE,237.0
IAH,ICT,227.0
IAH,LEX,377.0
IAH,XNA,319.0
IAH,ECP,227.0
IAH,CHA,199.0
IAH,TLH,249.0
IAH,HSV,227.0
IAH,JAN,289.0
IAH,SGF,389.0
IAH,VPS,97.0
IAH,MOB,339.0
IAH,BTR,269.0
IAH,GPT,319.0
IAH,ASE,369.0
IAH,SHV,269.0
IAH,LBB,167.0
IAH,MFE,167.0
IAH,LFT,269.0
IAH,CRP,167.0
IAH,MAF,167.0
IAH,MTJ,329.0
IAH,GRK,167.0
IAH,AMA,317.0
IAH,EGE,261.0
IAH,ABI,179.0
IAH,BRO,277.0
IAH,HRL,167.0
IAH,MLU,269.0
IAH,LCH,249.0
IAH,AEX,269.0
IAH,GUC,733.0
IAH,LRD,289.0
IAH,CLL,239.0
IAH,PIB,206.0
IAH,MEI,265.0
IAH,HOB,162.0
IAH,HDN,1325.0
MIA,LAX,173.0
MIA,SFO,257.0
MIA,BOS,47.0
MIA,LAS,87.0
MIA,JFK,71.0
MIA,DEN,47.0
MIA,ORD,47.0
MIA,ATL,49.0
MIA,MCO,75.0
MIA,EWR,35.0
MIA,PHL,45.0
MIA,MSP,125.0
MIA,SAN,217.0
MIA,PHX,245.0
MIA,IAD,197.0
MIA,IAH,120.0
MIA,TPA,82.0
MIA,DTW,120.0
MIA,CLT,69.0
MIA,SLC,257.0
MIA,DCA,197.0
MIA,AUS,67.0
MIA,BWI,77.0
MIA,RDU,67.0
MIA,LGA,37.0
MIA,MSY,138.0
MIA,CLE,71.0
MIA,BNA,75.0
MIA,PIT,71.0
MIA,STL,261.0
MIA,IND,97.0
MIA,MCI,301.0
MIA,BDL,189.0
MIA,JAX,167.0
MIA,CMH,131.0
MIA,CVG,37.0
MIA,SAT,261.0
MIA,CHS,214.0
MIA,RIC,73.0
MIA,PVD,267.0
MIA,ORF,336.0
MIA,MEM,161.0
MIA,OMA,289.0
MIA,PWM,203.0
MIA,GRR,249.0
MIA,SDF,181.0
MIA,OKC,301.0
MIA,SAV,181.0
MIA,DAY,189.0
MIA,DSM,295.0
MIA,PNS,201.0
MIA,BHM,261.0
MIA,GSO,201.0
MIA,GSP,221.0
MIA,TYS,107.0
MIA,EYW,197.0
MIA,CAE,221.0
MIA,LEX,283.0
MIA,XNA,261.0
MIA,TLH,197.0
MIA,GNV,201.0
MIA,ISP,113.0
MIA,PIE,2588.0
MIA,EGE,358.0
BOS,LAX,177.0
BOS,SFO,243.0
BOS,LAS,109.0
BOS,JFK,203.0
BOS,DEN,217.0
BOS,MIA,47.0
BOS,ORD,89.0
BOS,ATL,72.0
BOS,MCO,28.0
BOS,EWR,31.0
BOS,PHL,71.0
BOS,MSP,173.0
BOS,FLL,39.0
BOS,SAN,246.0
BOS,PDX,297.0
BOS,PHX,217.0
BOS,HNL,563.0
BOS,IAH,187.0
BOS,IAD,97.0
BOS,TPA,37.0
BOS,DTW,257.0
BOS,CLT,277.0
BOS,SLC,297.0
BOS,DCA,97.0
BOS,AUS,137.0
BOS,BWI,53.0
BOS,RDU,139.0
BOS,MSY,103.0
BOS,SJC,378.0
BOS,LGA,210.0
BOS,SMF,448.0
BOS,CLE,197.0
BOS,BNA,149.0
BOS,PIT,177.0
BOS,MCI,362.0
BOS,IND,237.0
BOS,BDL,3909.0
BOS,JAX,197.0
BOS,MKE,257.0
BOS,CMH,229.0
BOS,CVG,197.0
BOS,RSW,31.0
BOS,PBI,103.0
BOS,BUF,117.0
BOS,CHS,149.0
BOS,RIC,197.0
BOS,PVD,2545.0
BOS,MEM,191.0
BOS,BUR,348.0
BOS,ROC,189.0
BOS,SYR,219.0
BOS,BZN,322.0
BOS,SAV,237.0
BOS,MYR,84.0
BOS,BTV,1293.0
BOS,TYS,104.0
BOS,EYW,309.0
BOS,MHT,2499.0
BOS,PSP,678.0
BOS,MDT,281.0
BOS,SRQ,70.0
BOS,AVL,78.0
BOS,VPS,91.0
BOS,ACK,287.0
BOS,MVY,298.0
BOS,ABE,5807.0
BOS,SWF,2711.0
BOS,MTJ,237.0
BOS,HYA,206.0
BOS,ISP,4661.0
BOS,HDN,261.0
BOS,RKD,163.0
BOS,MSS,102.0
BOS,SLK,208.0
BOS,BHB,143.0
BOS,PVC,158.0
BOS,RUT,145.0
BOS,AUG,198.0
BOS,LEB,105.0
BOS,SCE,6784.0
BOS,MTN,4193.0
BOS,PNE,6235.0
MSP,LAX,49.0
MSP,SFO,148.0
MSP,BOS,166.0
MSP,LAS,47.0
MSP,JFK,197.0
MSP,DEN,38.0
MSP,MIA,125.0
MSP,ORD,97.0
MSP,ATL,71.0
MSP,MCO,47.0
MSP,EWR,167.0
MSP,PHL,297.0
MSP,FLL,88.0
MSP,SAN,145.0
MSP,PDX,145.0
MSP,PHX,47.0
MSP,HNL,839.0
MSP,IAH,199.0
MSP,IAD,177.0
MSP,TPA,91.0
MSP,DTW,105.0
MSP,CLT,237.0
MSP,SLC,299.0
MSP,AUS,167.0
MSP,DCA,177.0
MSP,BWI,74.0
MSP,RDU,199.0
MSP,MSY,103.0
MSP,SJC,159.0
MSP,LGA,197.0
MSP,SMF,237.0
MSP,CLE,239.0
MSP,SNA,239.0
MSP,BNA,95.0
MSP,STL,147.0
MSP,PIT,257.0
MSP,MCI,167.0
MSP,IND,219.0
MSP,BDL,237.0
MSP,CMH,299.0
MSP,MKE,159.0
MSP,JAX,297.0
MSP,RSW,115.0
MSP,SAT,176.0
MSP,CVG,259.0
MSP,ANC,235.0
MSP,PBI,299.0
MSP,RIC,199.0
MSP,PVD,159.0
MSP,MEM,239.0
MSP,MDW,187.0
MSP,BOI,197.0
MSP,OMA,259.0
MSP,GEG,217.0
MSP,ORF,199.0
MSP,GRR,199.0
MSP,ROC,263.0
MSP,OKC,279.0
MSP,DSM,199.0
MSP,BZN,259.0
MSP,SAV,236.0
MSP,SDF,199.0
MSP,DAY,259.0
MSP,TUS,176.0
MSP,MYR,217.0
MSP,MSN,217.0
MSP,BIL,177.0
MSP,MSO,197.0
MSP,TUL,219.0
MSP,TYS,199.0
MSP,FCA,248.0
MSP,JAC,270.0
MSP,PSP,156.0
MSP,PSC,217.0
MSP,ICT,219.0
MSP,HLN,349.0
MSP,XNA,397.0
MSP,CID,218.0
MSP,SRQ,125.0
MSP,FSD,179.0
MSP,FAR,159.0
MSP,GRB,199.0
MSP,RAP,299.0
MSP,FWA,219.0
MSP,TVC,5243.0
MSP,DLH,159.0
MSP,BIS,219.0
MSP,ATW,159.0
MSP,SBN,329.0
MSP,LAN,337.0
MSP,RST,157.0
MSP,GTF,177.0
MSP,MOT,359.0
MSP,AZO,199.0
MSP,CWA,317.0
MSP,MBS,224.0
MSP,MQT,297.0
MSP,RHI,172.0
MSP,LSE,201.0
MSP,HRL,176.0
MSP,LNK,4870.0
MSP,GFK,199.0
MSP,CIU,267.0
MSP,IMT,519.0
MSP,BRD,162.0
MSP,ABR,236.0
MSP,HIB,217.0
MSP,BJI,212.0
MSP,TVF,154.0
MSP,INL,276.0
MSP,BMI,5511.0
MSP,EAU,2474.0
MSP,CMX,4289.0
FLL,LAX,71.0
FLL,SFO,242.0
FLL,BOS,39.0
FLL,LAS,99.0
FLL,JFK,51.0
FLL,DEN,49.0
FLL,ORD,31.0
FLL,ATL,53.0
FLL,MCO,71.0
FLL,EWR,31.0
FLL,PHL,31.0
FLL,MSP,74.0
FLL,SAN,227.0
FLL,PDX,227.0
FLL,PHX,245.0
FLL,IAH,61.0
FLL,IAD,197.0
FLL,TPA,49.0
FLL,DTW,74.0
FLL,CLT,46.0
FLL,SLC,197.0
FLL,AUS,59.0
FLL,DCA,197.0
FLL,BWI,47.0
FLL,RDU,51.0
FLL,MSY,73.0
FLL,LGA,37.0
FLL,CLE,41.0
FLL,BNA,47.0
FLL,PIT,34.0
FLL,IND,73.0
FLL,BDL,72.0
FLL,JAX,167.0
FLL,CMH,49.0
FLL,CVG,76.0
FLL,BUF,219.0
FLL,CHS,84.0
FLL,RIC,49.0
FLL,PVD,167.0
FLL,MEM,98.0
FLL,ORF,127.0
FLL,SYR,131.0
FLL,SDF,211.0
FLL,BZN,587.0
FLL,MYR,74.0
FLL,ALB,388.0
FLL,PNS,166.0
FLL,GSP,148.0
FLL,TYS,77.0
FLL,PSP,242.0
FLL,HPN,127.0
FLL,EYW,80.0
FLL,LEX,152.0
FLL,AVL,56.0
FLL,ACY,77.0
FLL,TLH,159.0
FLL,ABE,119.0
FLL,PBG,129.0
FLL,LBE,132.0
FLL,HDN,1184.0
FLL,USA,104.0
FLL,LCK,65.0
FLL,TPF,3416.0
DTW,LAX,100.0
DTW,SFO,299.0
DTW,BOS,74.0
DTW,LAS,84.0
DTW,JFK,157.0
DTW,DEN,31.0
DTW,MIA,67.0
DTW,ORD,167.0
DTW,ATL,71.0
DTW,MCO,31.0
DTW,EWR,147.0
DTW,PHL,105.0
DTW,MSP,100.0
DTW,FLL,74.0
DTW,SAN,105.0
DTW,PDX,277.0
DTW,PHX,157.0
DTW,IAD,167.0
DTW,IAH,111.0
DTW,TPA,71.0
DTW,CLT,157.0
DTW,SLC,299.0
DTW,DCA,167.0
DTW,AUS,123.0
DTW,BWI,92.0
DTW,RDU,159.0
DTW,MSY,74.0
DTW,LGA,63.0
DTW,SJC,329.0
DTW,OAK,274.0
DTW,CLE,179.0
DTW,SNA,318.0
DTW,BNA,167.0
DTW,STL,177.0
DTW,PIT,199.0
DTW,IND,299.0
DTW,MCI,159.0
DTW,BDL,197.0
DTW,JAX,159.0
DTW,MKE,238.0
DTW,CMH,327.0
DTW,RSW,71.0
DTW,CVG,297.0
DTW,SAT,219.0
DTW,PBI,248.0
DTW,BUF,199.0
DTW,CHS,249.0
DTW,RIC,248.0
DTW,PVD,237.0
DTW,ORF,199.0
DTW,MDW,435.0
DTW,MEM,259.0
DTW,OMA,199.0
DTW,ROC,397.0
DTW,SYR,199.0
DTW,PWM,267.0
DTW,GRR,199.0
DTW,OKC,485.0
DTW,SDF,159.0
DTW,SAV,299.0
DTW,DSM,239.0
DTW,MYR,219.0
DTW,DAY,239.0
DTW,ALB,307.0
DTW,BTV,239.0
DTW,MSN,299.0
DTW,BHM,279.0
DTW,GSO,239.0
DTW,TYS,199.0
DTW,GSP,387.0
DTW,HPN,197.0
DTW,SRQ,309.0
DTW,MDT,352.0
DTW,LEX,159.0
DTW,CID,179.0
DTW,TVC,179.0
DTW,CHA,289.0
DTW,ABE,239.0
DTW,FNT,2141.0
DTW,HSV,239.0
DTW,FWA,251.0
DTW,GRB,199.0
DTW,MLI,447.0
DTW,SBN,317.0
DTW,ATW,159.0
DTW,SCE,307.0
DTW,BGM,239.0
DTW,BMI,399.0
DTW,ITH,239.0
DTW,ROA,6014.0
DTW,CWA,387.0
DTW,ELM,199.0
DTW,EVV,199.0
DTW,AZO,199.0
DTW,LSE,169.0
DTW,MQT,285.0
DTW,CIU,212.0
DTW,PLN,218.0
DTW,ESC,209.0
DTW,IMT,190.0
DTW,APN,192.0
DTW,TOL,2404.0
DTW,LYH,6251.0
PHL,LAX,82.0
PHL,SFO,309.0
PHL,BOS,117.0
PHL,LAS,80.0
PHL,JFK,317.0
PHL,DEN,56.0
PHL,MIA,50.0
PHL,ORD,137.0
PHL,ATL,35.0
PHL,MCO,30.0
PHL,MSP,297.0
PHL,FLL,31.0
PHL,SAN,341.0
PHL,PDX,307.0
PHL,PHX,217.0
PHL,IAH,269.0
PHL,IAD,269.0
PHL,TPA,41.0
PHL,DTW,237.0
PHL,CLT,45.0
PHL,SLC,297.0
PHL,AUS,321.0
PHL,DCA,269.0
PHL,BWI,241.0
PHL,RDU,71.0
PHL,MSY,57.0
PHL,LGA,259.0
PHL,CLE,221.0
PHL,BNA,65.0
PHL,STL,267.0
PHL,PIT,221.0
PHL,MCI,321.0
PHL,IND,281.0
PHL,BDL,241.0
PHL,JAX,57.0
PHL,MKE,281.0
PHL,CMH,221.0
PHL,RSW,41.0
PHL,CVG,217.0
PHL,PBI,97.0
PHL,CHS,77.0
PHL,BUF,221.0
PHL,RIC,277.0
PHL,PVD,221.0
PHL,OMA,339.0
PHL,MEM,321.0
PHL,ORF,641.0
PHL,SYR,221.0
PHL,PWM,277.0
PHL,ROC,221.0
PHL,GRR,281.0
PHL,SAV,57.0
PHL,SDF,281.0
PHL,BZN,469.0
PHL,DAY,221.0
PHL,ALB,241.0
PHL,MYR,163.0
PHL,BTV,429.0
PHL,PNS,301.0
PHL,MSN,281.0
PHL,TYS,281.0
PHL,GSP,281.0
PHL,BHM,461.0
PHL,GSO,201.0
PHL,MHT,221.0
PHL,EYW,321.0
PHL,PSP,319.0
PHL,CAE,281.0
PHL,SRQ,157.0
PHL,CAK,221.0
PHL,LEX,281.0
PHL,MDT,241.0
PHL,ILM,221.0
PHL,AVL,281.0
PHL,BGR,216.0
PHL,DAB,167.0
PHL,CHO,241.0
PHL,PHF,241.0
PHL,ROA,221.0
PHL,FWA,281.0
PHL,SWF,851.0
PHL,CRW,281.0
PHL,ISP,261.0
PHL,MLB,369.0
PHL,EGE,607.0
PHL,SCE,221.0
PHL,SBY,241.0
PHL,ART,241.0
LGA,BOS,203.0
LGA,DEN,177.0
LGA,MIA,33.0
LGA,ORD,100.0
LGA,ATL,77.0
LGA,MCO,21.0
LGA,PHL,259.0
LGA,MSP,197.0
LGA,FLL,31.0
LGA,IAH,177.0
LGA,IAD,156.0
LGA,TPA,41.0
LGA,DTW,63.0
LGA,CLT,195.0
LGA,DCA,157.0
LGA,RDU,177.0
LGA,MSY,197.0
LGA,CLE,237.0
LGA,BNA,197.0
LGA,STL,197.0
LGA,PIT,197.0
LGA,MCI,287.0
LGA,IND,199.0
LGA,JAX,209.0
LGA,CMH,197.0
LGA,MKE,318.0
LGA,RSW,41.0
LGA,CVG,197.0
LGA,PBI,157.0
LGA,BUF,197.0
LGA,CHS,187.0
LGA,RIC,197.0
LGA,PVD,4746.0
LGA,OMA,279.0
LGA,MEM,219.0
LGA,ORF,197.0
LGA,PWM,197.0
LGA,ROC,197.0
LGA,SYR,197.0
LGA,GRR,297.0
LGA,OKC,288.0
LGA,BZN,321.0
LGA,DSM,199.0
LGA,SAV,237.0
LGA,SDF,199.0
LGA,DAY,281.0
LGA,MYR,74.0
LGA,BTV,237.0
LGA,ALB,4490.0
LGA,MSN,377.0
LGA,BHM,237.0
LGA,GSP,197.0
LGA,GSO,197.0
LGA,TYS,278.0
LGA,FCA,301.0
LGA,EYW,269.0
LGA,MHT,5431.0
LGA,JAC,978.0
LGA,CAE,193.0
LGA,CAK,189.0
LGA,XNA,199.0
LGA,SRQ,217.0
LGA,LEX,199.0
LGA,ILM,281.0
LGA,AVL,218.0
LGA,CHO,197.0
LGA,BGR,164.0
LGA,CHA,199.0
LGA,ROA,221.0
LGA,ACK,213.0
LGA,MVY,213.0
LGA,EGE,728.0
LGA,MTJ,509.0
LGA,ITH,4628.0
LGA,HYA,5276.0
BWI,LAX,99.0
BWI,SFO,369.0
BWI,BOS,49.0
BWI,LAS,139.0
BWI,JFK,157.0
BWI,DEN,57.0
BWI,MIA,57.0
BWI,ORD,49.0
BWI,ATL,73.0
BWI,MCO,34.0
BWI,PHL,489.0
BWI,MSP,74.0
BWI,FLL,47.0
BWI,IAH,73.0
BWI,IAD,2286.0
BWI,TPA,71.0
BWI,DTW,73.0
BWI,CLT,32.0
BWI,SLC,299.0
BWI,AUS,103.0
BWI,RDU,242.0
BWI,MSY,131.0
BWI,BNA,74.0
BWI,RSW,71.0
BWI,CVG,137.0
BWI,RIC,2767.0
BWI,ORF,118.0
BWI,SAV,80.0
BWI,MYR,73.0
BWI,SRQ,106.0
BWI,AVL,114.0
BWI,DUJ,78.0
BWI,LNS,58.0
BWI,MGW,78.0
BWI,JST,138.0
BWI,MVY,5286.0
BWI,MCN,198.0
BWI,AOO,58.0
SLC,LAX,117.0
SLC,SFO,187.0
SLC,BOS,297.0
SLC,LAS,71.0
SLC,JFK,297.0
SLC,DEN,61.0
SLC,MIA,257.0
SLC,ORD,302.0
SLC,ATL,217.0
SLC,MCO,307.0
SLC,EWR,297.0
SLC,PHL,297.0
SLC,MSP,299.0
SLC,FLL,257.0
SLC,SAN,207.0
SLC,PDX,172.0
SLC,PHX,61.0
SLC,HNL,579.0
SLC,IAH,287.0
SLC,IAD,299.0
SLC,TPA,239.0
SLC,DTW,299.0
SLC,CLT,337.0
SLC,AUS,157.0
SLC,DCA,299.0
SLC,BWI,348.0
SLC,RDU,249.0
SLC,MSY,239.0
SLC,SJC,219.0
SLC,SMF,197.0
SLC,OAK,177.0
SLC,CLE,299.0
SLC,SNA,227.0
SLC,BNA,307.0
SLC,STL,297.0
SLC,PIT,319.0
SLC,MCI,239.0
SLC,IND,269.0
SLC,OGG,579.0
SLC,CMH,378.0
SLC,MKE,239.0
SLC,SAT,219.0
SLC,CVG,239.0
SLC,ANC,495.0
SLC,RNO,219.0
SLC,ONT,197.0
SLC,BOI,137.0
SLC,OMA,299.0
SLC,MEM,258.0
SLC,GEG,157.0
SLC,FAT,199.0
SLC,BUR,127.0
SLC,ABQ,299.0
SLC,OKC,219.0
SLC,DSM,557.0
SLC,BZN,199.0
SLC,LGB,199.0
SLC,TUS,199.0
SLC,EUG,177.0
SLC,MSN,257.0
SLC,MFR,248.0
SLC,MSO,297.0
SLC,TUL,268.0
SLC,BIL,297.0
SLC,RDM,157.0
SLC,FCA,157.0
SLC,COS,271.0
SLC,PSC,177.0
SLC,PSP,269.0
SLC,JAC,187.0
SLC,HLN,137.0
SLC,LWS,197.0
SLC,RAP,199.0
SLC,GJT,201.0
SLC,IDA,259.0
SLC,GTF,271.0
SLC,SGU,222.0
SLC,CPR,217.0
SLC,SUN,337.0
SLC,PIH,153.0
SLC,TWF,197.0
SLC,CDC,157.0
SLC,BTM,192.0
SAN,LAX,139.0
SAN,SFO,117.0
SAN,BOS,253.0
SAN,LAS,55.0
SAN,JFK,197.0
SAN,DEN,77.0
SAN,MIA,227.0
SAN,ORD,71.0
SAN,ATL,419.0
SAN,MCO,397.0
SAN,EWR,204.0
SAN,PHL,341.0
SAN,MSP,145.0
SAN,FLL,261.0
SAN,PDX,137.0
SAN,PHX,49.0
SAN,HNL,297.0
SAN,IAD,327.0
SAN,IAH,105.0
SAN,DTW,105.0
SAN,CLT,394.0
SAN,SLC,227.0
SAN,AUS,227.0
SAN,SJC,137.0
SAN,OGG,280.0
SAN,BOI,177.0
SAN,GEG,234.0
SAN,FAT,117.0
SAN,LIH,297.0
SAN,KOA,297.0
SAN,MSO,277.0
SAN,RDM,189.0
SAN,JAC,287.0
SAN,MRY,228.0
SAN,SBP,337.0
SAN,STS,532.0
SAN,HDN,307.0
SAN,PAE,127.0
IAD,LAX,166.0
IAD,SFO,467.0
IAD,BOS,97.0
IAD,LAS,327.0
IAD,JFK,187.0
IAD,DEN,147.0
IAD,MIA,197.0
IAD,ORD,187.0
IAD,ATL,227.0
IAD,MCO,75.0
IAD,EWR,157.0
IAD,PHL,269.0
IAD,MSP,157.0
IAD,FLL,197.0
IAD,SAN,327.0
IAD,PDX,377.0
IAD,PHX,327.0
IAD,HNL,993.0
IAD,IAH,287.0
IAD,TPA,149.0
IAD,DTW,167.0
IAD,CLT,155.0
IAD,SLC,299.0
IAD,AUS,252.0
IAD,BWI,2182.0
IAD,RDU,167.0
IAD,MSY,297.0
IAD,LGA,157.0
IAD,SMF,369.0
IAD,CLE,167.0
IAD,BNA,227.0
IAD,PIT,167.0
IAD,STL,227.0
IAD,IND,195.0
IAD,MCI,381.0
IAD,BDL,167.0
IAD,JAX,223.0
IAD,CMH,167.0
IAD,RSW,217.0
IAD,CVG,167.0
IAD,SAT,349.0
IAD,PBI,237.0
IAD,BUF,167.0
IAD,CHS,167.0
IAD,RIC,254.0
IAD,PVD,97.0
IAD,ORF,167.0
IAD,PWM,167.0
IAD,ROC,167.0
IAD,SYR,259.0
IAD,GRR,227.0
IAD,SAV,299.0
IAD,SDF,167.0
IAD,OKC,287.0
IAD,DAY,218.0
IAD,ALB,167.0
IAD,MSN,239.0
IAD,PNS,281.0
IAD,BTV,349.0
IAD,GSO,199.0
IAD,GSP,167.0
IAD,TYS,229.0
IAD,MHT,165.0
IAD,EYW,259.0
IAD,CAE,229.0
IAD,MDT,269.0
IAD,CAK,199.0
IAD,SRQ,217.0
IAD,ILM,243.0
IAD,AVL,319.0
IAD,LEX,3563.0
IAD,HSV,259.0
IAD,ABE,159.0
IAD,CHO,297.0
IAD,BGR,290.0
IAD,AVP,269.0
IAD,ROA,249.0
IAD,SWF,3019.0
IAD,FAY,2942.0
IAD,ITH,189.0
IAD,ERI,159.0
IAD,SCE,269.0
IAD,CRW,3110.0
IAD,PBG,240.0
IAD,MVY,5839.0
IAD,OAJ,4526.0
IAD,TRI,4000.0
IAD,HDN,309.0
IAD,PQI,295.0
IAD,CKB,200.0
IAD,EWN,4336.0
IAD,LWB,202.0
IAD,OGS,220.0
IAD,TOL,5934.0
IAD,HFD,6655.0
IAD,RUT,7698.0
DCA,LAX,177.0
DCA,SFO,453.0
DCA,BOS,97.0
DCA,LAS,327.0
DCA,JFK,187.0
DCA,DEN,104.0
DCA,MIA,180.0
DCA,ORD,187.0
DCA,ATL,167.0
DCA,MCO,97.0
DCA,EWR,157.0
DCA,PHL,269.0
DCA,MSP,157.0
DCA,FLL,197.0
DCA,PDX,461.0
DCA,PHX,247.0
DCA,IAH,287.0
DCA,TPA,149.0
DCA,DTW,151.0
DCA,CLT,215.0
DCA,SLC,299.0
DCA,RDU,117.0
DCA,MSY,297.0
DCA,LGA,157.0
DCA,CLE,167.0
DCA,BNA,227.0
DCA,STL,227.0
DCA,PIT,167.0
DCA,IND,195.0
DCA,MCI,381.0
DCA,BDL,167.0
DCA,JAX,245.0
DCA,RSW,217.0
DCA,CMH,167.0
DCA,CVG,167.0
DCA,PBI,187.0
DCA,BUF,167.0
DCA,CHS,167.0
DCA,PVD,137.0
DCA,ORF,167.0
DCA,MEM,281.0
DCA,OMA,217.0
DCA,PWM,167.0
DCA,SYR,259.0
DCA,ROC,167.0
DCA,GRR,187.0
DCA,OKC,565.0
DCA,SAV,299.0
DCA,SDF,167.0
DCA,DSM,281.0
DCA,ALB,167.0
DCA,DAY,218.0
DCA,MYR,361.0
DCA,PNS,281.0
DCA,BTV,349.0
DCA,MSN,297.0
DCA,BHM,281.0
DCA,GSP,227.0
DCA,GSO,199.0
DCA,TYS,229.0
DCA,MHT,117.0
DCA,LIT,449.0
DCA,EYW,249.0
DCA,HPN,241.0
DCA,CAE,229.0
DCA,CAK,389.0
DCA,SRQ,217.0
DCA,LEX,327.0
DCA,XNA,321.0
DCA,ILM,243.0
DCA,HSV,259.0
DCA,ECP,281.0
DCA,TLH,281.0
DCA,CHA,281.0
DCA,JAN,371.0
DCA,VPS,281.0
DCA,BGR,290.0
DCA,AGS,221.0
DCA,ACK,209.0
DCA,LAN,221.0
DCA,MVY,179.0
DCA,CRW,241.0
DCA,HHH,189.0
DCA,MGM,281.0
MDW,ATL,117.0
MDW,MSP,240.0
MDW,DTW,167.0
MDW,STL,4420.0
MDW,CVG,4177.0
MDW,GRR,2987.0
MDW,SAV,271.0
MDW,TYS,103.0
MDW,AVL,140.0
MDW,VPS,93.0
MDW,TVC,3417.0
MDW,BMI,2657.0
MDW,PGD,120.0
TPA,LAX,239.0
TPA,SFO,277.0
TPA,BOS,37.0
TPA,LAS,109.0
TPA,JFK,41.0
TPA,DEN,121.0
TPA,MIA,88.0
TPA,ORD,47.0
TPA,ATL,47.0
TPA,MCO,2615.0
TPA,EWR,31.0
TPA,PHL,39.0
TPA,MSP,97.0
TPA,FLL,51.0
TPA,PHX,327.0
TPA,IAH,73.0
TPA,IAD,149.0
TPA,DTW,71.0
TPA,CLT,167.0
TPA,SLC,239.0
TPA,AUS,183.0
TPA,DCA,149.0
TPA,BWI,71.0
TPA,RDU,197.0
TPA,MSY,71.0
TPA,LGA,41.0
TPA,CLE,31.0
TPA,BNA,103.0
TPA,PIT,71.0
TPA,IND,73.0
TPA,BDL,53.0
TPA,JAX,98.0
TPA,MKE,117.0
TPA,CMH,74.0
TPA,CVG,66.0
TPA,PBI,1726.0
TPA,BUF,176.0
TPA,CHS,118.0
TPA,RIC,127.0
TPA,PVD,213.0
TPA,SYR,156.0
TPA,GRR,344.0
TPA,ALB,177.0
TPA,PNS,159.0
TPA,EYW,158.0
TPA,HPN,147.0
TPA,CAK,88.0
TPA,ACY,74.0
TPA,TLH,155.0
TPA,TTN,177.0
TPA,ECP,2908.0
TPA,ISP,117.0
TPA,LBE,105.0
PDX,LAX,137.0
PDX,SFO,117.0
PDX,BOS,270.0
PDX,LAS,51.0
PDX,JFK,206.0
PDX,DEN,97.0
PDX,ORD,197.0
PDX,ATL,277.0
PDX,MCO,257.0
PDX,EWR,206.0
PDX,PHL,307.0
PDX,MSP,145.0
PDX,FLL,227.0
PDX,SAN,147.0
PDX,PHX,217.0
PDX,HNL,357.0
PDX,IAH,393.0
PDX,IAD,377.0
PDX,DTW,277.0
PDX,CLT,399.0
PDX,SLC,177.0
PDX,AUS,207.0
PDX,DCA,357.0
PDX,SJC,177.0
PDX,OAK,117.0
PDX,SMF,157.0
PDX,SNA,177.0
PDX,MCI,373.0
PDX,OGG,397.0
PDX,ANC,310.0
PDX,ONT,337.0
PDX,RNO,163.0
PDX,GEG,183.0
PDX,BOI,197.0
PDX,BUR,227.0
PDX,FAT,307.0
PDX,ABQ,157.0
PDX,BZN,177.0
PDX,LIH,497.0
PDX,TUS,373.0
PDX,KOA,412.0
PDX,EUG,248.0
PDX,BIL,177.0
PDX,MSO,344.0
PDX,MFR,249.0
PDX,FCA,298.0
PDX,RDM,153.0
PDX,PSP,157.0
PDX,DAL,197.0
PDX,SBA,458.0
PDX,SBP,367.0
PDX,STS,137.0
PDX,PAE,117.0
PDX,PDT,95.0
PDX,BFI,1565.0
HNL,LAX,280.0
HNL,SFO,297.0
HNL,BOS,737.0
HNL,LAS,357.0
HNL,JFK,573.0
HNL,DEN,359.0
HNL,ORD,571.0
HNL,ATL,1079.0
HNL,EWR,573.0
HNL,MSP,839.0
HNL,SAN,297.0
HNL,PDX,397.0
HNL,PHX,359.0
HNL,IAH,774.0
HNL,IAD,1143.0
HNL,SLC,579.0
HNL,SJC,275.0
HNL,OAK,297.0
HNL,SMF,339.0
HNL,OGG,73.0
HNL,ANC,435.0
HNL,LIH,73.0
HNL,LGB,297.0
HNL,KOA,78.0
HNL,ITO,73.0
HNL,JHM,105.0
HNL,LNY,118.0
HNL,MKK,99.0
BNA,LAX,99.0
BNA,SFO,289.0
BNA,BOS,237.0
BNA,LAS,103.0
BNA,JFK,197.0
BNA,DEN,63.0
BNA,MIA,75.0
BNA,ORD,117.0
BNA,ATL,167.0
BNA,MCO,42.0
BNA,EWR,49.0
BNA,PHL,67.0
BNA,MSP,97.0
BNA,FLL,47.0
BNA,PHX,247.0
BNA,IAD,226.0
BNA,IAH,227.0
BNA,TPA,127.0
BNA,DTW,167.0
BNA,CLT,185.0
BNA,SLC,307.0
BNA,DCA,227.0
BNA,AUS,103.0
BNA,BWI,74.0
BNA,MSY,74.0
BNA,LGA,197.0
BNA,PIT,88.0
BNA,STL,358.0
BNA,IND,2621.0
BNA,CMH,4518.0
BNA,RIC,78.0
BNA,GRR,88.0
BNA,BZN,93.0
BNA,TYS,1867.0
BNA,GSP,4114.0
BNA,SRQ,91.0
BNA,XNA,93.0
BNA,CID,87.0
BNA,FAR,115.0
BNA,FNT,118.0
BNA,ABE,91.0
BNA,SFB,60.0
BNA,PIE,69.0
BNA,PIA,89.0
BNA,PGD,101.0
BNA,TUP,94.0
AUS,LAX,71.0
AUS,SFO,177.0
AUS,BOS,182.0
AUS,LAS,55.0
AUS,JFK,147.0
AUS,DEN,56.0
AUS,MIA,67.0
AUS,ORD,25.0
AUS,ATL,82.0
AUS,MCO,67.0
AUS,EWR,49.0
AUS,PHL,321.0
AUS,MSP,201.0
AUS,FLL,73.0
AUS,SAN,217.0
AUS,PDX,207.0
AUS,PHX,267.0
AUS,IAH,167.0
AUS,IAD,217.0
AUS,TPA,217.0
AUS,DTW,219.0
AUS,CLT,319.0
AUS,SLC,217.0
AUS,BWI,102.0
AUS,RDU,207.0
AUS,MSY,102.0
AUS,SJC,157.0
AUS,BNA,103.0
AUS,PIT,173.0
AUS,CVG,192.0
AUS,MEM,169.0
AUS,ABQ,76.0
AUS,TYS,186.0
AUS,DAL,2310.0
AUS,CRP,2684.0
DAL,LAX,97.0
DAL,SFO,177.0
DAL,LAS,539.0
DAL,ATL,97.0
DAL,PDX,217.0
DAL,AUS,2246.0
DAL,SHV,4658.0
STL,LAX,327.0
STL,SFO,417.0
STL,LAS,76.0
STL,DEN,74.0
STL,MIA,80.0
STL,ORD,167.0
STL,ATL,167.0
STL,MCO,119.0
STL,EWR,197.0
STL,PHL,267.0
STL,MSP,177.0
STL,PHX,307.0
STL,IAD,227.0
STL,IAH,227.0
STL,DTW,177.0
STL,CLT,165.0
STL,SLC,297.0
STL,DCA,227.0
STL,LGA,197.0
STL,BNA,358.0
STL,MCI,2972.0
STL,RSW,457.0
STL,CVG,209.0
STL,MKE,5004.0
STL,DSM,4483.0
STL,TYS,6003.0
STL,SGF,2491.0
STL,HSV,5675.0
STL,JBR,35.0
STL,MWA,74.0
STL,OWB,58.0
STL,UIN,98.0
STL,IRK,58.0
STL,CGI,3435.0
SJC,LAX,102.0
SJC,BOS,439.0
SJC,LAS,77.0
SJC,JFK,367.0
SJC,DEN,267.0
SJC,ORD,327.0
SJC,ATL,399.0
SJC,EWR,367.0
SJC,MSP,159.0
SJC,SAN,117.0
SJC,PDX,157.0
SJC,PHX,49.0
SJC,HNL,297.0
SJC,IAH,327.0
SJC,DTW,473.0
SJC,SLC,219.0
SJC,AUS,202.0
SJC,SMF,2134.0
SJC,OGG,297.0
SJC,RNO,3369.0
SJC,BOI,202.0
SJC,GEG,237.0
SJC,BUR,4477.0
SJC,LIH,297.0
SJC,KOA,297.0
SJC,MSO,257.0
SJC,MFR,4811.0
SJC,PSP,217.0
SJC,JAC,257.0
SJC,PAE,247.0
SJC,HSH,4378.0
HOU,SAV,111.0
HOU,DAL,211.0
HOU,AVL,65.0
OAK,LAX,49.0
OAK,LAS,49.0
OAK,ORD,102.0
OAK,ATL,333.0
OAK,PDX,117.0
OAK,PHX,529.0
OAK,HNL,297.0
OAK,SLC,187.0
OAK,SNA,47.0
OAK,OGG,297.0
OAK,RNO,3211.0
OAK,BUR,219.0
OAK,LIH,288.0
OAK,KOA,297.0
OAK,EUG,96.0
OAK,MFR,4526.0
OAK,BLI,126.0
OAK,SBA,4546.0
OAK,AZA,71.0
OAK,CEC,171.0
OAK,VNY,2757.0
MSY,LAX,109.0
MSY,SFO,397.0
MSY,BOS,102.0
MSY,LAS,132.0
MSY,JFK,197.0
MSY,DEN,66.0
MSY,MIA,113.0
MSY,ORD,47.0
MSY,ATL,71.0
MSY,MCO,47.0
MSY,EWR,150.0
MSY,PHL,49.0
MSY,MSP,219.0
MSY,FLL,71.0
MSY,PHX,237.0
MSY,IAH,49.0
MSY,IAD,297.0
MSY,TPA,73.0
MSY,DTW,105.0
MSY,CLT,99.0
MSY,SLC,239.0
MSY,AUS,105.0
MSY,DCA,297.0
MSY,BWI,129.0
MSY,RDU,74.0
MSY,LGA,197.0
MSY,BNA,74.0
MSY,CVG,98.0
MSY,USA,108.0
RDU,LAX,299.0
RDU,SFO,369.0
RDU,BOS,129.0
RDU,LAS,217.0
RDU,JFK,177.0
RDU,DEN,127.0
RDU,MIA,77.0
RDU,ORD,177.0
RDU,ATL,167.0
RDU,MCO,31.0
RDU,EWR,123.0
RDU,PHL,97.0
RDU,MSP,199.0
RDU,FLL,31.0
RDU,PHX,257.0
RDU,IAD,167.0
RDU,IAH,367.0
RDU,TPA,237.0
RDU,DTW,159.0
RDU,CLT,219.0
RDU,SLC,299.0
RDU,DCA,167.0
RDU,AUS,400.0
RDU,BWI,167.0
RDU,LGA,177.0
RDU,MSY,74.0
RDU,CLE,159.0
RDU,BNA,167.0
RDU,PIT,207.0
RDU,BDL,189.0
RDU,CMH,237.0
RDU,RSW,165.0
RDU,CVG,159.0
RDU,BUF,137.0
RDU,CHS,3971.0
RDU,TTN,197.0
RDU,PIE,124.0
RDU,ISP,177.0
RDU,SFB,100.0
SMF,LAX,137.0
SMF,SFO,219.0
SMF,BOS,473.0
SMF,LAS,51.0
SMF,JFK,217.0
SMF,DEN,67.0
SMF,ORD,207.0
SMF,ATL,299.0
SMF,EWR,229.0
SMF,MSP,269.0
SMF,PDX,162.0
SMF,PHX,157.0
SMF,HNL,299.0
SMF,IAH,327.0
SMF,IAD,369.0
SMF,CLT,399.0
SMF,SLC,197.0
SMF,OGG,299.0
SMF,BOI,167.0
SMF,MFR,2331.0
MCI,LAX,107.0
MCI,SFO,307.0
MCI,BOS,239.0
MCI,LAS,126.0
MCI,DEN,55.0
MCI,MIA,301.0
MCI,ORD,167.0
MCI,ATL,227.0
MCI,MCO,71.0
MCI,EWR,297.0
MCI,PHL,177.0
MCI,MSP,217.0
MCI,PDX,309.0
MCI,PHX,217.0
MCI,IAD,381.0
MCI,IAH,322.0
MCI,DTW,103.0
MCI,CLT,279.0
MCI,SLC,239.0
MCI,DCA,381.0
MCI,LGA,287.0
MCI,MYR,236.0
MCI,PIE,257.0
MCI,PGD,160.0
SNA,SFO,137.0
SNA,LAS,47.0
SNA,DEN,92.0
SNA,ORD,389.0
SNA,ATL,257.0
SNA,EWR,449.0
SNA,MSP,239.0
SNA,PDX,225.0
SNA,PHX,77.0
SNA,IAH,307.0
SNA,DTW,453.0
SNA,SLC,217.0
SNA,OAK,47.0
SNA,RNO,239.0
SNA,FAT,2445.0
SNA,MRY,4192.0
SNA,STS,220.0
SNA,VNY,528.0
SNA,CCR,218.0
SNA,FLG,5381.0
SNA,PAE,197.0
SNA,VGT,2286.0
SAT,LAX,287.0
SAT,SFO,349.0
SAT,LAS,87.0
SAT,JFK,297.0
SAT,DEN,72.0
SAT,MIA,261.0
SAT,ORD,353.0
SAT,ATL,267.0
SAT,MCO,163.0
SAT,EWR,297.0
SAT,MSP,176.0
SAT,PHX,267.0
SAT,IAD,349.0
SAT,IAH,167.0
SAT,DTW,219.0
SAT,CLT,319.0
SAT,SLC,219.0
CLE,LAX,130.0
CLE,SFO,369.0
CLE,BOS,105.0
CLE,LAS,45.0
CLE,JFK,237.0
CLE,DEN,102.0
CLE,MIA,59.0
CLE,ORD,167.0
CLE,ATL,71.0
CLE,MCO,30.0
CLE,EWR,26.0
CLE,PHL,221.0
CLE,MSP,239.0
CLE,FLL,39.0
CLE,PHX,137.0
CLE,IAD,167.0
CLE,IAH,287.0
CLE,DTW,219.0
CLE,TPA,31.0
CLE,CLT,219.0
CLE,SLC,299.0
CLE,DCA,167.0
CLE,RDU,197.0
CLE,MSY,103.0
CLE,LGA,237.0
CLE,BNA,130.0
CLE,BDL,199.0
CLE,RSW,34.0
CLE,PBI,157.0
CLE,SAV,202.0
CLE,MYR,164.0
CLE,SRQ,79.0
CLE,MDT,4531.0
CLE,PIE,418.0
CLE,SFB,179.0
CLE,PGD,67.0
RSW,LAX,277.0
RSW,BOS,31.0
RSW,JFK,41.0
RSW,DEN,79.0
RSW,ORD,47.0
RSW,ATL,157.0
RSW,MCO,2110.0
RSW,EWR,31.0
RSW,PHL,47.0
RSW,MSP,115.0
RSW,IAD,217.0
RSW,IAH,207.0
RSW,DTW,73.0
RSW,CLT,107.0
RSW,DCA,217.0
RSW,BWI,110.0
RSW,RDU,165.0
RSW,LGA,41.0
RSW,CLE,33.0
RSW,STL,176.0
RSW,PIT,71.0
RSW,IND,87.0
RSW,BDL,73.0
RSW,MKE,387.0
RSW,CMH,50.0
RSW,CVG,67.0
RSW,BUF,223.0
RSW,PVD,170.0
RSW,PWM,187.0
RSW,SYR,184.0
RSW,GRR,395.0
RSW,SAV,6256.0
RSW,MSN,135.0
RSW,HPN,147.0
RSW,CAK,84.0
RSW,ACY,73.0
RSW,TTN,57.0
RSW,ISP,157.0
IND,LAX,307.0
IND,SFO,369.0
IND,BOS,237.0
IND,LAS,34.0
IND,JFK,199.0
IND,DEN,77.0
IND,MIA,97.0
IND,ORD,229.0
IND,ATL,167.0
IND,MCO,31.0
IND,EWR,199.0
IND,PHL,281.0
IND,MSP,239.0
IND,FLL,73.0
IND,PHX,307.0
IND,IAD,195.0
IND,IAH,267.0
IND,TPA,73.0
IND,DTW,297.0
IND,CLT,219.0
IND,SLC,269.0
IND,DCA,195.0
IND,RDU,253.0
IND,MSY,119.0
IND,LGA,199.0
IND,RSW,73.0
IND,PBI,106.0
IND,TYS,4272.0
IND,SRQ,150.0
IND,PIE,184.0
IND,SFB,84.0
IND,ROA,4946.0
IND,PGD,132.0
PIT,LAX,140.0
PIT,SFO,369.0
PIT,BOS,157.0
PIT,LAS,149.0
PIT,JFK,197.0
PIT,DEN,147.0
PIT,MIA,91.0
PIT,ORD,167.0
PIT,ATL,197.0
PIT,MCO,47.0
PIT,EWR,197.0
PIT,PHL,221.0
PIT,MSP,237.0
PIT,FLL,36.0
PIT,PHX,327.0
PIT,IAD,167.0
PIT,IAH,287.0
PIT,TPA,71.0
PIT,DTW,269.0
PIT,CLT,219.0
PIT,SLC,339.0
PIT,DCA,285.0
PIT,RDU,149.0
PIT,LGA,197.0
PIT,BNA,89.0
PIT,JAX,105.0
PIT,RSW,71.0
PIT,PBI,101.0
PIT,CHS,130.0
PIT,SAV,105.0
PIT,SYR,5215.0
PIT,MYR,108.0
PIT,ALB,4045.0
PIT,SRQ,99.0
PIT,SFB,103.0
PIT,PIE,115.0
PIT,PGD,149.0
PIT,MGW,34.0
PIT,AOO,44.0
PIT,JST,46.0
PIT,LNS,64.0
PIT,BFD,58.0
SJU,BOS,84.0
SJU,JFK,121.0
SJU,MIA,76.0
SJU,ORD,206.0
SJU,ATL,137.0
SJU,MCO,91.0
SJU,EWR,53.0
SJU,PHL,69.0
SJU,MSP,364.0
SJU,FLL,75.0
SJU,IAD,221.0
SJU,IAH,323.0
SJU,DTW,271.0
SJU,TPA,124.0
SJU,CLT,219.0
SJU,DCA,241.0
SJU,BWI,96.0
SJU,RDU,117.0
SJU,BDL,349.0
CVG,LAX,135.0
CVG,SFO,239.0
CVG,BOS,197.0
CVG,LAS,74.0
CVG,JFK,197.0
CVG,DEN,41.0
CVG,MIA,46.0
CVG,ORD,167.0
CVG,ATL,199.0
CVG,MCO,56.0
CVG,EWR,165.0
CVG,PHL,217.0
CVG,MSP,259.0
CVG,FLL,95.0
CVG,PHX,179.0
CVG,IAH,199.0
CVG,IAD,167.0
CVG,TPA,57.0
CVG,DTW,179.0
CVG,CLT,179.0
CVG,SLC,268.0
CVG,AUS,125.0
CVG,DCA,167.0
CVG,BWI,202.0
CVG,RDU,159.0
CVG,MSY,87.0
CVG,LGA,197.0
CVG,STL,179.0
CVG,MCI,467.0
CVG,JAX,108.0
CVG,RSW,57.0
CVG,PBI,95.0
CVG,CHS,113.0
CVG,SAV,71.0
CVG,SRQ,56.0
CVG,VPS,145.0
CVG,SFB,69.0
CVG,AZA,131.0
CVG,PIE,85.0
CVG,PGD,70.0
CMH,LAX,367.0
CMH,SFO,369.0
CMH,BOS,237.0
CMH,LAS,140.0
CMH,JFK,229.0
CMH,DEN,77.0
CMH,MIA,75.0
CMH,ORD,167.0
CMH,ATL,167.0
CMH,MCO,53.0
CMH,EWR,197.0
CMH,PHL,221.0
CMH,MSP,299.0
CMH,FLL,47.0
CMH,PHX,277.0
CMH,IAH,285.0
CMH,IAD,167.0
CMH,TPA,73.0
CMH,DTW,269.0
CMH,CLT,219.0
CMH,SLC,338.0
CMH,DCA,167.0
CMH,RDU,179.0
CMH,LGA,197.0
CMH,RSW,47.0
CMH,PIA,5174.0
CMH,VNY,18728.0
OGG,LAX,327.0
OGG,SFO,297.0
OGG,LAS,357.0
OGG,DEN,359.0
OGG,ORD,763.0
OGG,SAN,297.0
OGG,PDX,589.0
OGG,PHX,359.0
OGG,HNL,73.0
OGG,SLC,579.0
OGG,SJC,297.0
OGG,SMF,299.0
OGG,OAK,323.0
OGG,ANC,697.0
OGG,LIH,224.0
OGG,KOA,78.0
OGG,ITO,213.0
OGG,MUE,98.0
OGG,LNY,78.0
OGG,MKK,115.0
OGG,HNM,78.0
MKE,BOS,237.0
MKE,LAS,47.0
MKE,DEN,35.0
MKE,MIA,223.0
MKE,ORD,215.0
MKE,ATL,227.0
MKE,MCO,129.0
MKE,EWR,199.0
MKE,PHL,281.0
MKE,MSP,199.0
MKE,PHX,237.0
MKE,IAH,287.0
MKE,TPA,117.0
MKE,DTW,199.0
MKE,CLT,279.0
MKE,SLC,299.0
MKE,LGA,199.0
MKE,RSW,117.0
MKE,GRR,2577.0
BDL,LAX,222.0
BDL,SFO,277.0
BDL,BOS,3943.0
BDL,LAS,257.0
BDL,JFK,2111.0
BDL,DEN,479.0
BDL,MIA,103.0
BDL,ORD,267.0
BDL,ATL,197.0
BDL,MCO,31.0
BDL,PHL,241.0
BDL,MSP,237.0
BDL,FLL,49.0
BDL,IAD,167.0
BDL,IAH,369.0
BDL,TPA,53.0
BDL,DTW,257.0
BDL,CLT,279.0
BDL,DCA,167.0
BDL,RDU,262.0
BDL,CLE,199.0
BDL,RSW,89.0
BDL,CVG,297.0
BDL,PBI,277.0
BDL,MYR,139.0
PBI,LAX,247.0
PBI,BOS,197.0
PBI,JFK,157.0
PBI,ORD,217.0
PBI,ATL,198.0
PBI,MCO,3052.0
PBI,EWR,47.0
PBI,PHL,57.0
PBI,MSP,478.0
PBI,IAH,269.0
PBI,IAD,237.0
PBI,TPA,1726.0
PBI,DTW,358.0
PBI,CLT,297.0
PBI,DCA,237.0
PBI,LGA,157.0
PBI,PIT,83.0
PBI,IND,157.0
PBI,BDL,307.0
PBI,PVD,401.0
PBI,HPN,157.0
PBI,EYW,2942.0
PBI,AVL,72.0
PBI,ACY,102.0
PBI,TTN,97.0
PBI,ISP,177.0
JAX,BOS,197.0
JAX,JFK,209.0
JAX,DEN,307.0
JAX,MIA,167.0
JAX,ORD,267.0
JAX,ATL,137.0
JAX,MCO,3152.0
JAX,EWR,117.0
JAX,PHL,57.0
JAX,MSP,397.0
JAX,FLL,247.0
JAX,IAH,267.0
JAX,IAD,223.0
JAX,DTW,197.0
JAX,TPA,3234.0
JAX,CLT,199.0
JAX,DCA,167.0
JAX,LGA,263.0
JAX,PIT,111.0
JAX,CVG,95.0
JAX,ORF,121.0
JAX,PIE,3972.0
BUR,SFO,177.0
BUR,BOS,313.0
BUR,LAS,47.0
BUR,JFK,447.0
BUR,DEN,267.0
BUR,ATL,417.0
BUR,PDX,217.0
BUR,PHX,89.0
BUR,SLC,147.0
BUR,SJC,4477.0
BUR,OAK,299.0
BUR,RNO,244.0
BUR,MMH,329.0
BUR,STS,5539.0
BUR,CCR,335.0
ABQ,LAX,227.0
ABQ,SFO,267.0
ABQ,LAS,61.0
ABQ,JFK,289.0
ABQ,DEN,105.0
ABQ,ORD,565.0
ABQ,ATL,409.0
ABQ,PDX,157.0
ABQ,PHX,167.0
ABQ,IAH,267.0
ABQ,SLC,329.0
ABQ,AUS,98.0
ABQ,TUS,4161.0
ABQ,CNM,148.0
ANC,LAX,312.0
ANC,SFO,1175.0
ANC,DEN,609.0
ANC,ORD,1621.0
ANC,MSP,360.0
ANC,PDX,607.0
ANC,PHX,336.0
ANC,HNL,435.0
ANC,SLC,495.0
ANC,OGG,757.0
ANC,KOA,1517.0
ANC,FAI,210.0
ANC,JNU,295.0
ANC,ADQ,331.0
ANC,BRW,363.0
ANC,SCC,840.0
ANC,BET,433.0
ANC,CDV,288.0
ANC,OTZ,311.0
ANC,OME,343.0
ANC,AKN,443.0
ANC,ENA,220.0
ANC,DLG,463.0
BUF,LAX,304.0
BUF,BOS,116.0
BUF,JFK,196.0
BUF,DEN,137.0
BUF,MIA,157.0
BUF,ORD,166.0
BUF,ATL,235.0
BUF,MCO,122.0
BUF,EWR,197.0
BUF,PHL,221.0
BUF,FLL,219.0
BUF,IAD,167.0
BUF,TPA,176.0
BUF,DTW,179.0
BUF,CLT,279.0
BUF,DCA,167.0
BUF,LGA,321.0
BUF,RSW,157.0
ONT,LAX,1099.0
ONT,SFO,177.0
ONT,LAS,67.0
ONT,JFK,327.0
ONT,DEN,57.0
ONT,MIA,217.0
ONT,ATL,259.0
ONT,MCO,217.0
ONT,EWR,267.0
ONT,PDX,257.0
ONT,PHX,89.0
ONT,IAH,307.0
ONT,SLC,197.0
OMA,LAX,209.0
OMA,SFO,349.0
OMA,LAS,167.0
OMA,DEN,35.0
OMA,MIA,289.0
OMA,ORD,167.0
OMA,ATL,229.0
OMA,MCO,117.0
OMA,EWR,239.0
OMA,PHL,339.0
OMA,MSP,239.0
OMA,PDX,474.0
OMA,PHX,92.0
OMA,IAH,267.0
OMA,DTW,337.0
OMA,CLT,319.0
OMA,SLC,299.0
OMA,DCA,287.0
OMA,LGA,337.0
OMA,SFB,179.0
OMA,PIE,536.0
OMA,AZA,74.0
OMA,PGD,242.0
